PRIMARY_SAMPLE_UNIT,YEAR,latitude,longitude,REGION,total_cover,annual_dhw,distance_to_thermal_km
1000.0,2016,18.311364,-65.340659,PRICO,94.0,1.8014274,2.243050113766471
1001.0,2016,18.314301,-65.334751,PRICO,94.0,1.8014274,1.5732193340095775
1002.0,2016,18.29841,-65.32479,PRICO,100.0,1.4814297,2.603002152320239
1003.0,2016,18.302022,-65.321482,PRICO,97.0,1.8014274,2.5824583212678895
1004.0,2016,18.314352,-65.327262,PRICO,98.0,1.8014274,1.2082438135319202
1005.0,2016,18.32018,-65.332698,PRICO,100.0,1.8014274,0.9732947325008583
1007.0,2016,18.315688,-65.333288,PRICO,64.0,1.8014274,1.3556404728403875
1008.0,2016,18.312015,-65.335091,PRICO,98.0,1.8014274,1.7943952426225256
1009.0,2016,18.326903,-65.330947,PRICO,100.0,1.8014274,0.6618233447462114
1010.0,2016,18.31059,-65.33875,PRICO,100.0,1.8014274,2.162031377003811
1011.0,2016,18.31629,-65.33055,PRICO,100.0,1.8014274,1.132099309569816
1012.0,2016,18.305283,-65.327977,PRICO,81.0,1.8014274,2.2152737739394515
1012.0,2016,25.31024,-80.21864,FLK,85.0,1.4371436,1.7620403759104863
1013.0,2016,18.311843,-65.316809,PRICO,33.0,1.8014274,1.7000813665581296
1014.0,2016,18.30248,-65.326145,PRICO,51.0,1.8014274,2.5075103164865946
1015.0,2016,18.30888,-65.327348,PRICO,37.0,1.8014274,1.809955713373432
1017.0,2016,18.321507,-65.32755,PRICO,88.0,1.8014274,0.4727009389992381
1018.0,2016,18.3901,-65.56336,PRICO,99.0,0.8457136,2.080625800460982
1019.0,2016,18.3915,-65.57132,PRICO,99.0,0.8457136,1.87545940675045
1020.0,2016,18.35498,-65.56694,PRICO,100.0,0.8457136,2.3832620055946117
1021.0,2016,18.38077,-65.55602,PRICO,100.0,0.8457136,2.103556325934499
1024.0,2016,18.35796,-65.51013,PRICO,99.0,0.8842852,2.4603142674667446
1026.0,2016,18.36506,-65.5006,PRICO,100.0,0.8842852,2.8022418701995204
1027.0,2016,18.36408,-65.49566,PRICO,100.0,1.0642855,2.494990271004157
1028.0,2016,18.3698,-65.52486,PRICO,100.0,0.8842852,0.57840646380172
1029.0,2016,18.33913,-65.55685,PRICO,91.0,0.9928578,2.4777054634157554
1030.0,2016,18.39148,-65.57402,PRICO,93.0,0.8457136,1.835435135513642
1031.0,2016,18.33812,-65.5616,PRICO,95.0,0.9928578,2.0319265740333674
1033.0,2016,25.61221,-80.10626,FLK,56.0,0.30857164,2.3570945270794055
1035.0,2016,18.3765,-65.57025,PRICO,62.0,0.8457136,0.5287245969827487
1037.0,2016,18.34444,-65.56046,PRICO,91.0,0.9928578,2.6508912894226797
1039.0,2016,25.38479,-80.15346,FLK,85.0,0.47714308,2.4226339959837957
1040.0,2016,18.37651,-65.56044,PRICO,100.0,0.8457136,1.5460719527229831
1042.0,2016,18.38037,-65.61176,PRICO,100.0,0.8071434,1.5201274423818982
1043.0,2016,18.272219,-65.193576,PRICO,100.0,1.434285,1.9853262871742683
1045.0,2016,18.312353,-65.219586,PRICO,98.0,1.4814279,1.5186876684674706
1048.0,2016,18.22877,-65.41286,PRICO,82.0,1.1942858,1.3490605816219248
1049.0,2016,18.235233,-65.371033,PRICO,79.0,1.3214291,1.2121830474085296
1049.0,2016,25.41623,-80.14463,FLK,97.0,0.30714306,2.1988925956014853
1050.0,2016,18.25028,-65.227336,PRICO,82.0,1.3185709,2.75989565165444
1053.0,2016,18.284822,-65.242424,PRICO,62.0,1.3185709,2.138811488315439
1054.0,2016,18.286095,-65.296985,PRICO,45.0,1.4814279,2.628506880001862
1056.0,2016,25.32453,-80.16182,FLK,55.0,0.31571445,1.3260636820915606
1057.0,2016,18.25686,-65.52937,PRICO,99.0,1.0485706,2.069312831801946
1059.0,2016,18.2782,-65.4778,PRICO,100.0,1.0614282,0.4620735186620354
1063.0,2016,18.28798,-65.52086,PRICO,95.0,1.0485706,1.5079330443975976
1065.0,2016,25.43187,-80.13137,FLK,88.0,0.30714306,0.9956230039072069
1067.0,2016,18.35649,-65.34166,PRICO,100.0,1.9742844,2.7065941354768057
1071.0,2016,18.09886,-65.70934,PRICO,71.0,0.81000006,3.1270347587390814
1075.0,2016,18.111264,-65.644024,PRICO,5.0,1.2985715,2.524219602377119
1076.0,2016,18.122443,-65.635321,PRICO,53.0,1.2985715,1.1263746750788384
1077.0,2016,18.1272,-65.688,PRICO,53.0,1.1428572,1.3950908869365972
1078.0,2016,18.13183,-65.66637,PRICO,80.0,1.1428572,1.1870445339171325
1079.0,2016,18.13252,-65.67904,PRICO,89.0,1.1428572,0.9387218830662805
1081.0,2016,18.264866,-65.247047,PRICO,10.0,1.3185709,2.5858167799433622
1084.0,2016,18.10017,-65.70096,PRICO,0.0,1.1314286,3.752494713097208
1085.0,2016,25.40086,-80.12876,FLK,93.0,0.30714306,2.710909059395924
1087.0,2016,18.08695,-65.44341,PRICO,65.0,0.842857,2.355844537603561
1088.0,2016,18.09861,-65.37817,PRICO,96.0,0.83428574,2.64600157949465
1093.0,2016,18.319596,-65.240363,PRICO,29.0,1.4814279,1.729004332727103
1093.0,2016,25.45783,-80.11259,FLK,88.0,0.31857166,2.2807359302548584
1096.0,2016,18.1633,-65.50648,PRICO,88.0,1.3371438,2.350010985568874
1097.0,2016,18.18834,-65.65147,PRICO,81.0,1.1599998,2.8948258438792513
1099.0,2016,18.27109,-65.47798,PRICO,99.0,1.0614282,0.5364464030191476
1101.0,2016,25.37697,-80.13488,FLK,89.0,0.14857154,1.0157420991144441
1102.0,2016,18.341658,-65.267193,PRICO,100.0,1.7842848,2.0269129459091473
1105.0,2016,18.11506,-65.33433,PRICO,100.0,0.9942863,1.4808368833044254
1106.0,2016,18.11886,-65.31816,PRICO,100.0,0.9942863,0.994653766197801
1107.0,2016,18.15031,-65.48879,PRICO,90.0,1.1785707,3.1080550300700835
1109.0,2016,18.280533,-65.280868,PRICO,37.0,1.4814279,0.8729163873549078
1111.0,2016,18.08595,-65.56237,PRICO,95.0,1.1271434,1.80690634496952
1121.0,2016,25.62117,-80.09379,FLK,0.0,0.0,1.9309723910296928
1122.0,2016,18.310416,-65.326264,PRICO,80.0,1.8014274,1.627614460423323
1123.0,2016,25.37554,-80.13761,FLK,93.0,0.14857154,1.2675438479117056
1140.0,2016,25.65975,-80.0879,FLK,78.0,0.0,2.132359734464812
1143.0,2016,25.01801,-80.43991,FLK,0.0,1.9914275,1.6912791220334886
1144.0,2016,25.03715,-80.41562,FLK,0.0,1.9914275,1.648783812498736
1155.0,2016,25.02909,-80.36475,FLK,0.0,0.48714268,1.1290735296679104
1158.0,2016,25.17635,-80.25546,FLK,0.0,0.61571443,1.9722033721244914
1164.0,2016,18.34315,-65.53499,PRICO,15.0,1.0385709,2.2765220244158053
1164.0,2016,25.21282,-80.21911,FLK,99.0,0.31428587,1.4791600708261183
1171.0,2016,25.16055,-80.28582,FLK,84.0,0.61571443,1.9411810958719775
1184.0,2016,25.22417,-80.20896,FLK,99.0,0.31428587,1.6167825235657274
1188.0,2016,25.06129,-80.33468,FLK,0.0,0.31571424,1.809774047990345
1193.0,2016,24.98509,-80.41591,FLK,0.0,0.80714244,1.4481951722588606
1195.0,2016,25.03779,-80.3419,FLK,0.0,0.29857138,2.2180430905140613
1201.0,2016,25.20969,-80.21816,FLK,87.0,0.31428587,1.8370546474984175
1207.0,2016,25.01067,-80.37293,FLK,0.0,0.48714268,1.6072848240643276
1213.0,2016,25.24075,-80.20821,FLK,88.0,0.31428587,2.4328870092119277
1220.0,2016,24.68522,-80.96462,FLK,0.0,3.6271455,1.5465687639721686
1229.0,2016,25.24529,-80.19686,FLK,90.0,0.14714296,3.149645488183942
1232.0,2016,25.2083,-80.21316,FLK,0.0,0.31428587,2.207023086145536
1240.0,2016,25.0315,-80.3483,FLK,0.0,0.29857138,2.455813362987988
1242.0,2016,25.04581,-80.33486,FLK,0.0,0.29857138,2.5178421874280748
1243.0,2016,25.12653,-80.26644,FLK,95.0,0.30857152,0.8785480250219677
1247.0,2016,24.94656,-80.55196,FLK,76.0,3.8000019,3.338368789407496
1249.0,2016,24.60199,-81.31675,FLK,0.0,5.4028606,2.6912351155425998
1250.0,2016,24.65144,-81.1423,FLK,57.0,4.8871427,3.1493405461350648
1256.0,2016,24.93758,-80.54753,FLK,95.0,2.3800018,2.667587263248408
1257.0,2016,24.90062,-80.6171,FLK,98.0,5.0557156,2.826119765859059
1259.0,2016,24.65291,-81.02397,FLK,96.0,3.994288,2.4588456802374625
1260.0,2016,24.6979,-80.96986,FLK,0.0,3.6271455,2.5985690721796906
1265.0,2016,24.9466,-80.47281,FLK,25.0,1.2628565,2.411658223345678
1268.0,2016,24.8511,-80.61813,FLK,0.0,3.8000011,2.7466493559395775
1278.0,2016,24.73746,-80.80359,FLK,0.0,3.8428555,2.5681432411692238
1279.0,2016,24.80916,-80.68035,FLK,0.0,3.37,1.8426307945073086
1282.0,2016,24.92227,-80.50582,FLK,97.0,2.3800018,1.9579812937409438
1284.0,2016,24.84862,-80.61772,FLK,100.0,1.8728577,2.7269467459702033
1285.0,2016,24.62667,-81.10922,FLK,80.0,3.7471457,1.606605874795398
1287.0,2016,24.59549,-81.22589,FLK,0.0,3.347142,2.279627712484586
1290.0,2016,24.65863,-81.01484,FLK,0.0,3.994288,2.090195132379873
1292.0,2016,24.70824,-80.88575,FLK,0.0,4.21714,2.1570820005326308
1294.0,2016,24.86167,-80.60107,FLK,100.0,3.8000011,2.8335351734624203
1295.0,2016,24.89379,-80.55383,FLK,80.0,2.0700011,2.9878933412343254
1296.0,2016,24.89871,-80.56672,FLK,73.0,2.0700011,2.7657007864028498
1297.0,2016,24.9363,-80.48547,FLK,63.0,1.2628565,1.640490506426881
1298.0,2016,24.93924,-80.48933,FLK,80.0,1.2628565,2.1429353215461333
1299.0,2016,24.95293,-80.45909,FLK,76.0,2.2128556,2.9325830020098222
1303.0,2016,24.76335,-80.7553,FLK,92.0,4.241427,2.3738905222010076
1304.0,2016,24.68205,-80.9698,FLK,0.0,3.6271455,0.9437697191349602
1307.0,2016,24.67653,-80.94257,FLK,0.0,2.9799986,1.7830867558493064
1310.0,2016,24.76754,-80.75204,FLK,74.0,4.241427,2.4622737728597484
1312.0,2016,24.908,-80.53004,FLK,1.0,2.3800018,1.9577386894424231
1313.0,2016,24.57428,-81.30052,FLK,0.0,3.732857,2.477262495742161
1314.0,2016,24.6077,-81.23326,FLK,0.0,5.0228596,2.096832107460757
1315.0,2016,24.61098,-81.17351,FLK,89.0,4.0328593,1.5662419229273168
1317.0,2016,24.63832,-81.06395,FLK,78.0,3.0228553,1.8553176055663634
1318.0,2016,24.64429,-81.04743,FLK,0.0,2.079999,3.1208736266808796
1321.0,2016,24.67011,-80.9735,FLK,0.0,3.6271455,0.5649648351197333
1326.0,2016,24.95487,-80.45799,FLK,84.0,2.2128556,2.8205641971563935
1328.0,2016,24.95182,-80.45016,FLK,88.0,2.2128556,3.5944820798617916
1329.0,2016,24.9204,-80.50447,FLK,94.0,2.3800018,2.1327306134239503
1330.0,2016,24.92346,-80.50191,FLK,90.0,2.3800018,2.334836635172838
1334.0,2016,24.76773,-80.75027,FLK,100.0,4.241427,2.62463064348592
1335.0,2016,24.62336,-81.10911,FLK,90.0,3.7471457,1.6172924386634677
1340.0,2016,24.64668,-81.0322,FLK,88.0,2.079999,2.5181081119768676
1341.0,2016,24.66727,-80.96333,FLK,0.0,3.6271455,1.45991099314378
1343.0,2016,24.8357,-80.63258,FLK,83.0,1.8728577,1.4136246066189886
1345.0,2016,24.9096,-80.52177,FLK,96.0,2.3800018,1.7434682056337423
1346.0,2016,24.91022,-80.50652,FLK,83.0,2.3800018,2.4850890983507443
1348.0,2016,24.9471,-80.45482,FLK,73.0,1.2628565,3.19058475998129
1349.0,2016,24.51437,-81.92271,FLK,35.0,0.9814285,1.2047180281072525
1350.0,2016,24.57682,-81.61338,FLK,100.0,4.7928543,1.1930104800310124
1354.0,2016,24.6165849,-81.3907287,FLK,100.0,4.8500023,3.5887780806509153
1363.0,2016,24.50924,-81.73464,FLK,47.0,3.692857,2.0053837917394097
1367.0,2016,24.54492,-81.57647,FLK,100.0,3.9000006,2.2197882623396534
1368.0,2016,24.54466,-81.56509,FLK,93.0,3.9000006,2.4050124176117014
1371.0,2016,24.5703358,-81.4577393,FLK,96.0,4.2985697,1.8216382166582188
1373.0,2016,24.5848302,-81.4429769,FLK,78.0,4.1171417,2.1206039571812134
1376.0,2016,24.5975904,-81.4015353,FLK,57.0,4.1171417,3.4551354820129596
1377.0,2016,24.50635,-81.70926,FLK,75.0,3.692857,2.615161088907992
1379.0,2016,24.51451,-81.69662,FLK,66.0,3.8614283,2.4786304841358313
1384.0,2016,24.50152,-81.67913,FLK,100.0,3.8614283,2.6442000030665125
1385.0,2016,24.50928,-81.6657,FLK,80.0,3.8614283,1.9854137076671825
1391.0,2016,24.45114,-81.94607,FLK,98.0,1.6842866,3.4042715776020365
1395.0,2016,24.52624,-81.52184,FLK,0.0,3.6657155,0.34821596694211243
1398.0,2016,24.54996,-81.40128,FLK,18.0,2.694287,3.668840332466219
1401.0,2016,24.46411,-81.83917,FLK,39.0,2.297144,1.8770455471929457
1404.0,2016,24.50233,-81.61335,FLK,84.0,4.0000005,2.7832138864195315
1405.0,2016,24.50298,-81.6223,FLK,90.0,4.0000005,2.4639570052877695
1409.0,2016,24.52311,-81.51885,FLK,100.0,3.6657155,0.6568935141939907
1410.0,2016,24.52326,-81.51573,FLK,92.0,3.6657155,0.9577232870495311
1412.0,2016,24.545,-81.40713,FLK,97.0,2.694287,2.8659450094371874
1415.0,2016,24.49362,-81.65982,FLK,56.0,2.5185728,2.577723647764504
1416.0,2016,24.48055,-81.71198,FLK,85.0,2.5885727,1.4552691704039291
1422.0,2016,24.45189,-81.88001,FLK,96.0,1.7942866,2.6197832780263783
1424.0,2016,24.44695,-81.97202,FLK,93.0,1.2757136,2.459041133777729
1427.0,2016,24.47273,-81.82445,FLK,50.0,2.297144,0.2592396806741398
1431.0,2016,24.5404929,-81.4704662,FLK,85.0,3.0485723,1.7827292233900394
1434.0,2016,24.48653,-81.70823,FLK,0.0,2.5885727,2.1270230538287005
1438.0,2016,24.44701,-81.95048,FLK,74.0,1.2757136,3.4860925479653773
1446.0,2016,24.52773,-81.52417,FLK,0.0,3.6657155,0.31483797638781374
1448.0,2016,24.48547,-81.70724,FLK,0.0,2.5885727,2.141563171463004
1451.0,2016,24.44588,-81.9179,FLK,94.0,1.4757135,2.4302304044345404
1453.0,2016,24.51864,-81.53465,FLK,98.0,3.6657155,1.2054578375262874
1456.0,2016,24.55071,-81.37587,FLK,92.0,4.102857,2.70284122277303
1459.0,2016,24.47505,-81.72699,FLK,71.0,2.5885727,0.20083592540622314
1466.0,2016,24.43734,-81.92087,FLK,97.0,1.4757135,1.4342001622903668
1467.0,2016,24.43726,-81.9068,FLK,90.0,1.4757135,2.2920765691164626
1470.0,2016,24.46136,-81.7559,FLK,74.0,2.4728584,2.4576108739422278
1472.0,2016,24.46492,-81.82812,FLK,71.0,2.297144,1.1650026675035063
1477.0,2016,24.48205,-81.66455,FLK,78.0,2.5185728,1.3162543466075483
1479.0,2016,24.53336,-81.45731,FLK,85.0,3.0485723,2.0170245770188764
1658.0,2016,24.73438,-80.80957,FLK,0.0,3.8428555,1.8752257986547356
1702.0,2016,24.46499,-81.9823,FLK,81.0,1.4285725,1.3361692508673397
1741.0,2016,24.46302,-81.7548,FLK,69.0,2.4728584,2.440604216851581
2000.0,2016,18.38606,-65.63689,PRICO,95.0,0.8071434,1.7563013079545968
2003.0,2016,18.38508,-65.64596,PRICO,99.0,0.8071434,2.4788243685692137
2003.0,2016,24.47591,-82.12249,Tortugas,73.0,0.0,0.2738987966128783
2004.0,2016,18.39865,-65.64596,PRICO,62.0,0.8071434,3.43562657555721
2006.0,2016,18.40341,-65.64742,PRICO,61.0,0.79999936,3.3698701768169435
2006.0,2016,24.47341,-82.02497,Tortugas,39.0,0.76285774,0.17750728924274037
2008.0,2016,18.41384,-65.61424,PRICO,98.0,0.79999936,1.6826119326019584
2013.0,2016,24.45707,-82.19911,Tortugas,99.0,0.0,3.151290152244809
2020.0,2016,24.45593,-82.18141,Tortugas,89.0,0.0,2.2180702815670346
2021.0,2016,18.37714,-65.65349,PRICO,94.0,0.77857196,2.282598728258536
2033.0,2016,24.44802,-82.1183,Tortugas,76.0,0.30999988,2.647916242391071
2044.0,2016,24.44394,-82.04496,Tortugas,77.0,0.6485711,2.918288208727502
2048.0,2016,24.42076,-82.54673,Tortugas,78.0,0.0,2.2499250506316004
2050.0,2016,24.43465,-82.55201,Tortugas,99.0,0.0,2.563212942118692
2051.0,2016,24.43447,-82.5671,Tortugas,93.0,0.0,1.322322773726199
2053.0,2016,24.44672,-82.60763,Tortugas,100.0,0.0,2.987670753804967
2055.0,2016,24.45748,-82.58721,Tortugas,99.0,0.0,2.3073523341871742
2056.0,2016,24.42387,-82.48625,Tortugas,82.0,0.0,1.1453255621366805
2057.0,2016,24.43146,-82.53184,Tortugas,96.0,0.0,0.9974061977737598
2069.0,2016,24.7025184,-82.77184887,Tortugas,99.0,0.0,2.520714960666185
2072.0,2016,24.72435,-82.8107,Tortugas,75.0,0.0,1.4466242749047067
2073.0,2016,24.60679,-82.8719,Tortugas,85.0,0.0,2.0490841984893806
2078.0,2016,24.65183,-82.95745,Tortugas,82.0,0.0,3.128389399081102
2081.0,2016,24.69691,-82.85974,Tortugas,87.0,0.0,2.883265155241192
2088.0,2016,24.58912,-82.94318,Tortugas,97.0,0.0,2.4169738820759314
2091.0,2016,24.63534,-82.84103,Tortugas,45.0,0.0,1.986391154044114
2093.0,2016,24.65625339,-82.78432198,Tortugas,82.0,0.0,2.2877297694614165
2097.0,2016,24.72367,-82.78785,Tortugas,60.0,0.0,1.306195056934267
2098.0,2016,24.72343,-82.83911,Tortugas,84.0,0.0,1.4354126815530648
2099.0,2016,24.72701,-82.81797,Tortugas,88.0,0.0,0.7446163383428572
2101.0,2016,24.72773502,-82.77866436,Tortugas,91.0,0.0,0.4784739833905457
2103.0,2016,24.63315,-82.96631,Tortugas,67.0,0.0,1.2624963598779513
2106.0,2016,24.66313,-82.85821,Tortugas,20.0,0.0,2.1503399350229264
2112.0,2016,24.72623,-82.80449,Tortugas,0.0,0.0,2.076451521835407
2114.0,2016,24.56779,-82.94888,Tortugas,97.0,0.0,2.5443483552814143
2116.0,2016,24.58163,-82.92727,Tortugas,41.0,0.0,0.771553403044571
2126.0,2016,24.61373,-82.92942,Tortugas,70.0,0.0,1.330332659710835
2134.0,2016,24.62085,-82.86258,Tortugas,87.0,0.0,1.3383074207786907
2138.0,2016,24.63125,-82.85759,Tortugas,84.0,0.0,1.892771454364795
2141.0,2016,24.60046,-82.87341,Tortugas,100.0,0.0,2.733498986147646
2147.0,2016,24.59145,-82.87435,Tortugas,94.0,0.0,1.8298561778591547
2149.0,2016,24.63844,-82.79448,Tortugas,94.0,0.0,2.4717745809899117
2150.0,2016,24.68187042,-82.77555275,Tortugas,100.0,0.0,0.7656449032671317
2156.0,2016,24.71759,-82.80542,Tortugas,51.0,0.0,2.1431281526798025
2157.0,2016,24.71971,-82.81462,Tortugas,73.0,0.0,1.202890890027867
2160.0,2016,24.72118,-82.80761,Tortugas,96.0,0.0,1.8076783737889075
2161.0,2016,24.62953,-82.94263,Tortugas,40.0,0.0,1.8515725321426864
2164.0,2016,24.64292,-82.93114,Tortugas,100.0,0.0,2.0869281344956776
2166.0,2016,24.58933,-82.8846,Tortugas,86.0,0.0,1.864987775033228
2178.0,2016,24.62725,-82.82698,Tortugas,64.0,0.0,0.32010272766265835
2193.0,2016,24.64112,-82.81892,Tortugas,68.0,0.0,1.8950328612373775
2205.0,2016,24.62035,-82.92306,Tortugas,67.0,0.0,0.5531047582541617
2206.0,2016,24.62184,-82.90118,Tortugas,77.0,0.0,2.433617934836604
2207.0,2016,24.63338,-82.93345,Tortugas,43.0,0.0,1.2638291469097227
2209.0,2016,24.6875,-82.88503,Tortugas,89.0,0.0,1.7194168846777542
2210.0,2016,24.55088,-82.9284,Tortugas,94.0,0.0,2.7044391881934513
2211.0,2016,24.56519,-82.94097,Tortugas,85.0,0.0,1.948898398854321
2212.0,2016,24.57709,-82.90421,Tortugas,75.0,0.0,2.1153787461323716
2220.0,2016,24.64482,-82.94013,Tortugas,77.0,0.0,2.682307494092914
2222.0,2016,24.69668786,-82.92490502,Tortugas,80.0,0.0,2.4112610035028186
2226.0,2016,24.71857,-82.85067,Tortugas,81.0,0.0,2.560251561044272
2229.0,2016,24.57847,-82.97454,Tortugas,90.0,0.0,0.38820924324105893
2236.0,2016,24.65709,-82.86862,Tortugas,79.0,0.0,2.093812749781975
2237.0,2016,24.546,-82.95488,Tortugas,82.0,0.0,3.0978277189633094
2238.0,2016,24.54199,-82.94307,Tortugas,100.0,0.0,2.6284022791344666
2249.0,2016,24.68833,-82.84195,Tortugas,24.0,0.0,2.2643530288697606
2250.0,2016,24.60877,-82.93293,Tortugas,88.0,0.0,1.9745992030384398
2253.0,2016,24.63216,-82.94773,Tortugas,69.0,0.0,2.4312766741427025
2254.0,2016,24.64221,-82.85604,Tortugas,88.0,0.0,2.7088020847847663
2255.0,2016,24.66092882,-82.93717822,Tortugas,100.0,0.0,1.9906622591672203
2257.0,2016,24.66716,-82.87287,Tortugas,91.0,0.0,0.8984576504223886
2260.0,2016,24.61995,-82.96973,Tortugas,81.0,0.0,0.774443628640066
2261.0,2016,24.62957,-82.96538,Tortugas,83.0,0.0,1.0977141758943079
2262.0,2016,24.64763,-82.95693,Tortugas,22.0,0.0,3.109651011009966
2266.0,2016,24.61279205,-83.03517767,Tortugas,69.0,0.0,1.7031972903710169
2268.0,2016,24.62397795,-83.09949344,Tortugas,75.0,0.0,2.4780064908695083
2270.0,2016,24.64895711,-83.102595,Tortugas,94.0,0.0,3.49685609685786
2278.0,2016,24.68256,-83.01213,Tortugas,82.0,0.0,1.5483709620811408
2288.0,2016,24.65600688,-83.08527463,Tortugas,96.0,0.0,2.353446833029686
2295.0,2016,24.67969,-83.02558,Tortugas,100.0,0.0,0.5244321660927191
2305.0,2016,24.70013,-83.00943,Tortugas,17.0,0.0,3.1820283969223677
2309.0,2016,24.6767857,-83.08162767,Tortugas,88.0,0.0,0.6979440668911042
2311.0,2016,24.70403,-83.04774,Tortugas,99.0,0.0,3.273466243740712
2325.0,2016,24.66665014,-83.06764757,Tortugas,70.0,0.0,1.189664075560491
2328.0,2016,24.6984,-82.99718,Tortugas,58.0,0.0,3.43326203979381
2329.0,2016,24.71494,-82.98818,Tortugas,96.0,0.0,1.738797491944596
2333.0,2016,24.66155,-83.0244,Tortugas,97.0,0.0,1.4971454648573257
2334.0,2016,24.65450342,-83.03464081,Tortugas,93.0,0.0,2.4788483746081473
2339.0,2016,24.69092,-83.05819,Tortugas,95.0,0.0,2.453290656811932
2358.0,2016,24.6933,-82.98184,Tortugas,38.0,0.0,2.1484962350008217
2362.0,2016,24.70549,-83.01248,Tortugas,99.0,0.0,2.511769848574877
2365.0,2016,24.64244203,-83.02132825,Tortugas,100.0,0.0,1.9746827776859246
2368.0,2016,24.64973797,-83.01889842,Tortugas,96.0,0.0,2.8190534261060374
2370.0,2016,24.66657,-83.02176,Tortugas,98.0,0.0,0.9932712040369516
2372.0,2016,24.68183,-82.99274,Tortugas,95.0,0.0,1.9459875578019423
2373.0,2016,24.6789,-82.99505,Tortugas,79.0,0.0,2.0710769866526975
2375.0,2016,24.69744,-82.99547,Tortugas,87.0,0.0,3.240223443655786
2501.0,2016,24.48323,-82.01456,Tortugas,26.0,0.76285774,1.3974276277751525
2502.0,2016,24.47449,-82.02641,Tortugas,63.0,0.76285774,0.153661043422786
2530.0,2016,24.44243,-82.60848,Tortugas,93.0,0.0,2.5601974924491295
2548.0,2016,24.71864,-82.88831,Tortugas,91.0,0.0,1.5186591802154297
2549.0,2016,24.72291,-82.8532,Tortugas,86.0,0.0,2.2149130166190134
2550.0,2016,24.57066,-82.92463,Tortugas,100.0,0.0,0.4845657008540457
2551.0,2016,24.58288,-82.88835,Tortugas,100.0,0.0,1.60845607580396
2552.0,2016,24.60271,-82.97823,Tortugas,81.0,0.0,2.4998702286133043
2556.0,2016,24.72403,-82.80654,Tortugas,97.0,0.0,1.8681077329652518
2570.0,2016,24.61438,-82.90212,Tortugas,84.0,0.0,2.597161707773442
2576.0,2016,24.59865,-82.87169,Tortugas,74.0,0.0,2.6505643538500947
2581.0,2016,24.61007,-82.87096,Tortugas,87.0,0.0,1.709819873834818
2597.0,2016,24.7132,-82.844,Tortugas,70.0,0.0,2.3247822406753196
2598.0,2016,24.60734,-82.90277,Tortugas,53.0,0.0,2.9845430229135004
2608.0,2016,24.65349,-82.8324,Tortugas,45.0,0.0,2.506156020529244
2610.0,2016,24.66101,-82.80141,Tortugas,63.0,0.0,2.846976212029202
2611.0,2016,24.66871,-82.81084,Tortugas,36.0,0.0,1.5931522817667816
2636.0,2016,24.58943,-82.95677,Tortugas,56.0,0.0,2.444007709560955
2665.0,2016,24.6772,-82.99448,Tortugas,86.0,0.0,1.9827660473086124
2678.0,2016,24.72227,-82.98708,Tortugas,98.0,0.0,1.2568699996091979
2687.0,2016,24.67824,-83.01801,Tortugas,99.0,0.0,0.7928368097878931
2691.0,2016,24.69374,-83.01121,Tortugas,61.0,0.0,2.5064686763118518
2695.0,2016,24.70196871,-83.0334847,Tortugas,78.0,0.0,2.7011602685508085
2701.0,2016,24.50428,-82.25288,Tortugas,69.0,0.0,3.212154371839649
3000.0,2016,18.37813,-67.483492,PRICO,96.0,0.4700001,0.9607284267169228
3001.0,2016,26.20328333,-80.08675,SEFCRI,100.0,0.0,2.6846509489792165
3002.0,2016,18.38568,-67.471123,PRICO,82.0,0.4700001,1.2562647870046384
3002.0,2016,26.1882,-80.0886,SEFCRI,99.0,0.0,1.9984560761139614
3004.0,2016,18.376626,-67.477283,PRICO,100.0,0.4700001,0.3006977661985938
3004.0,2016,26.16218333,-80.09666667,SEFCRI,100.0,0.0,2.589496255352819
3005.0,2016,18.393349,-67.484227,PRICO,100.0,0.4700001,2.260441058130359
3006.0,2016,18.381132,-67.486665,PRICO,100.0,0.4700001,1.406601174014526
3008.0,2016,18.378872,-67.483817,PRICO,100.0,0.4700001,1.024612766693981
3009.0,2016,18.381122,-67.472087,PRICO,100.0,0.4700001,0.7471852487416784
3009.0,2016,26.0847,-80.0998,SEFCRI,100.0,0.0,2.7008926788199648
3010.0,2016,18.38355,-67.488995,PRICO,100.0,0.4700001,1.7558124102989299
3011.0,2016,18.390629,-67.477781,PRICO,100.0,0.4700001,1.7623602587433904
3012.0,2016,18.377535,-67.480614,PRICO,100.0,0.4700001,0.6554766601916269
3014.0,2016,18.048525,-67.874492,PRICO,100.0,0.9914291,2.6162590639673975
3015.0,2016,18.097826,-67.939413,PRICO,100.0,0.98857194,2.959646712544925
3016.0,2016,26.00153333,-80.11191667,SEFCRI,100.0,0.0,2.9190849508792005
3017.0,2016,18.05805,-67.85623,PRICO,100.0,1.1371435,2.7376222378311468
3019.0,2016,18.06706,-67.85047,PRICO,75.0,1.1371435,2.740175765467527
3020.0,2016,18.092482,-67.945979,PRICO,93.0,0.98857194,2.9483573103189604
3021.0,2016,18.0572,-67.86447,PRICO,100.0,1.1371435,2.271660003825408
3021.0,2016,25.92596667,-80.10536667,SEFCRI,98.0,0.0,1.9671076345528413
3022.0,2016,18.06148,-67.85976,PRICO,100.0,1.1371435,2.2044672068290487
3026.0,2016,18.071926,-67.852158,PRICO,97.0,1.1371435,2.4395375541263897
3028.0,2016,18.05182,-67.90359,PRICO,29.0,0.98857194,3.4307915411237304
3030.0,2016,25.87205,-80.11191667,SEFCRI,98.0,0.0,1.350185899567894
3031.0,2016,17.87822,-67.137132,PRICO,98.0,0.60142815,1.3320994540640319
3034.0,2016,17.895377,-67.014273,PRICO,100.0,0.29571417,2.534335578062711
3035.0,2016,17.908296,-67.028276,PRICO,100.0,0.29857123,1.8897676149402638
3036.0,2016,17.91142,-67.08159,PRICO,70.0,0.45142826,1.6633294597529076
3036.0,2016,25.80918333,-80.09966667,SEFCRI,100.0,0.0,3.031313009598353
3037.0,2016,25.80663333,-80.10753333,SEFCRI,100.0,0.0,2.6893230643708876
3040.0,2016,18.003446,-67.353085,PRICO,94.0,0.4657139,3.334511040613691
3040.0,2016,25.80368333,-80.0914,SEFCRI,100.0,0.0,2.8834306994262926
3042.0,2016,18.021962,-67.351296,PRICO,81.0,0.4657139,2.5299113471556134
3045.0,2016,26.21538333,-80.08393333,SEFCRI,91.0,0.0,1.392194210411031
3046.0,2016,18.162649,-67.320253,PRICO,100.0,0.0,1.4625614779352933
3048.0,2016,17.92213,-66.99966,PRICO,77.0,0.29285708,2.62783426815201
3053.0,2016,17.981211,-67.332557,PRICO,78.0,0.4699996,1.0555080183021257
3054.0,2016,18.013335,-67.285736,PRICO,100.0,0.3028571,1.7237391000592956
3057.0,2016,17.862056,-66.285793,PRICO,100.0,0.64571464,1.8373731760906822
3057.0,2016,26.08965,-80.09368333,SEFCRI,79.0,0.0,2.47628292080184
3058.0,2016,17.86295,-66.15689,PRICO,99.0,0.70285666,2.3387855026935513
3058.0,2016,26.05528333,-80.0981,SEFCRI,98.0,0.0,3.1828661751415983
3059.0,2016,26.03543333,-80.10108333,SEFCRI,100.0,0.0,2.656987216897525
3060.0,2016,17.8969,-66.13382,PRICO,95.0,0.8699996,2.607616620092501
3061.0,2016,25.96068333,-80.1022,SEFCRI,98.0,0.0,2.781197421827161
3064.0,2016,17.875288,-67.095674,PRICO,100.0,0.30571416,2.187623288622976
3064.0,2016,25.86881667,-80.10455,SEFCRI,95.0,0.0,2.1591825338148323
3065.0,2016,17.877852,-67.094356,PRICO,91.0,0.30571416,2.0723027966351935
3066.0,2016,25.85471667,-80.09971667,SEFCRI,100.0,0.0,3.346724516171535
3067.0,2016,17.886622,-67.04928,PRICO,100.0,0.29571417,2.8759465204558294
3067.0,2016,25.83123333,-80.09333333,SEFCRI,100.0,0.0,1.9608646119839264
3069.0,2016,17.8937,-67.029934,PRICO,92.0,0.29571417,2.1438567678093143
3069.0,2016,26.21775,-80.08175,SEFCRI,83.0,0.0,1.0505947579746484
3071.0,2016,17.905963,-67.292132,PRICO,89.0,0.4799997,2.7869990746771447
3071.0,2016,26.04476667,-80.09836667,SEFCRI,100.0,0.0,3.206007828715589
3072.0,2016,17.906977,-67.271836,PRICO,100.0,0.4799997,2.032194405599807
3072.0,2016,25.99623,-80.10095,SEFCRI,100.0,0.0,3.369254072368091
3073.0,2016,17.909828,-67.239702,PRICO,100.0,0.6171433,2.2945280906437366
3076.0,2016,17.915699,-67.085077,PRICO,91.0,0.45142826,1.485248932403016
3077.0,2016,17.92039,-67.009076,PRICO,90.0,0.29857123,1.7612539206319777
3078.0,2016,17.94476,-66.80973,PRICO,100.0,0.6228577,2.7271696770251626
3078.0,2016,25.92745,-80.09991667,SEFCRI,100.0,0.0,2.5061233441232957
3081.0,2016,17.986569,-67.32666,PRICO,97.0,0.4699996,1.297601682784265
3083.0,2016,18.032205,-67.330923,PRICO,51.0,0.4528573,1.0164616918895333
3083.0,2016,25.83775,-80.0995,SEFCRI,100.0,0.0,2.8317689876753867
3085.0,2016,17.8761,-66.17447,PRICO,22.0,0.70285666,0.13469614340752506
3085.0,2016,26.23083333,-80.06935,SEFCRI,100.0,0.0,0.8590541070884312
3087.0,2016,17.891158,-67.13554,PRICO,0.0,0.60142815,2.114316855372292
3089.0,2016,17.990444,-67.348844,PRICO,12.0,0.4699996,3.050224658519371
3089.0,2016,25.76966667,-80.08826667,SEFCRI,100.0,0.0,1.4544596572102766
3091.0,2016,26.19516667,-80.0795,SEFCRI,100.0,0.0,2.2865236290115614
3093.0,2016,17.91831,-67.10453,PRICO,96.0,0.60857093,2.290787851435671
3094.0,2016,17.9205,-67.07308,PRICO,80.0,0.45142826,0.5405343521965764
3094.0,2016,26.11138333,-80.08658333,SEFCRI,76.0,0.0,1.904971516467173
3095.0,2016,17.926345,-66.942215,PRICO,96.0,0.29142857,1.8270785010747508
3095.0,2016,26.0635,-80.09391667,SEFCRI,93.0,0.0,2.281390702898005
3097.0,2016,17.96082,-66.79746,PRICO,25.0,1.1185709,2.851516212768463
3097.0,2016,26.03021667,-80.09455,SEFCRI,97.0,0.0,2.0372141608870353
3098.0,2016,17.89417,-66.52585,PRICO,96.0,0.8357144,2.1334968958868155
3099.0,2016,25.98675,-80.09298333,SEFCRI,232.0,0.0,2.2214611682307615
3100.0,2016,18.046957,-67.390244,PRICO,90.0,0.4657139,2.9249465709263553
3102.0,2016,18.149305,-67.335582,PRICO,99.0,0.14428563,2.9246024090539717
3105.0,2016,17.93199,-67.10159,PRICO,49.0,0.60857093,2.596439011324377
3105.0,2016,25.8614,-80.09255,SEFCRI,100.0,0.0,2.31702352512756
3107.0,2016,17.94542,-66.96798,PRICO,70.0,0.29285708,2.388845460031214
3108.0,2016,26.23311667,-80.0742,SEFCRI,396.0,0.0,0.9054175408639965
3109.0,2016,18.032617,-67.285221,PRICO,98.0,0.3028571,1.3728377158822918
3110.0,2016,17.885646,-66.459624,PRICO,95.0,0.98571444,2.012726227152017
3110.0,2016,26.14783333,-80.08213333,SEFCRI,100.0,0.0,2.636794145502207
3113.0,2016,17.904155,-66.497579,PRICO,77.0,1.0200001,3.328363736084564
3115.0,2016,26.07166667,-80.09243333,SEFCRI,91.0,0.0,1.7798926659472976
3117.0,2016,17.877358,-66.539874,PRICO,97.0,0.8357144,1.5955947749949155
3117.0,2016,26.03328333,-80.09428333,SEFCRI,400.0,0.0,2.135075608871779
3118.0,2016,17.915488,-67.032189,PRICO,100.0,0.29857123,1.3029517171358378
3119.0,2016,17.920935,-67.233934,PRICO,73.0,0.6171433,1.0472878630227547
3119.0,2016,26.17466667,-80.07573333,SEFCRI,400.0,0.0,0.08177896515385842
3120.0,2016,26.09685,-80.08391667,SEFCRI,100.0,0.0,2.587022972835382
3124.0,2016,26.02235,-80.08726667,SEFCRI,100.0,0.0,1.2602175938194033
3125.0,2016,26.01696667,-80.08816667,SEFCRI,100.0,0.0,1.589963184299019
3126.0,2016,18.131583,-67.314946,PRICO,99.0,0.14428563,1.2906084010667969
3127.0,2016,25.99411667,-80.08916667,SEFCRI,80.0,0.0,2.553319262837445
3128.0,2016,18.136183,-67.313473,PRICO,88.0,0.14428563,1.7410436366895694
3138.0,2016,26.13005,-80.08028333,SEFCRI,100.0,0.0,0.770091531414449
3139.0,2016,26.09796667,-80.08296667,SEFCRI,400.0,0.0,2.674219607697662
3140.0,2016,26.09626667,-80.08293333,SEFCRI,100.0,0.0,2.4933136383079946
3142.0,2016,26.06533333,-80.09283333,SEFCRI,100.0,0.0,2.0802862644869635
3143.0,2016,26.05881667,-80.0857,SEFCRI,98.0,0.0,2.0931611610161274
3144.0,2016,26.05753333,-80.08658333,SEFCRI,100.0,0.0,2.2609131915749807
3150.0,2016,25.78821667,-80.08813333,SEFCRI,100.0,0.0,1.9716251188333562
3152.0,2016,26.22498333,-80.06966667,SEFCRI,100.0,0.0,0.5324577854678094
3154.0,2016,26.19408333,-80.06995,SEFCRI,85.0,0.0,2.1807564188279276
3160.0,2016,26.29583333,-80.07473333,SEFCRI,100.0,0.0,2.316548780134988
3162.0,2016,26.3288,-80.0662,SEFCRI,83.0,0.0,0.9736934375502208
3165.0,2016,26.31065,-80.06546667,SEFCRI,100.0,0.0,1.8578015246345787
3167.0,2016,26.36958333,-80.05446667,SEFCRI,100.0,0.0,2.1328486107566285
3172.0,2016,26.33358333,-80.05776667,SEFCRI,100.0,0.0,1.9649954859317806
3174.0,2016,26.30063333,-80.06013333,SEFCRI,100.0,0.0,3.0888525546503547
3175.0,2016,26.37746667,-80.05298333,SEFCRI,42.0,0.0,2.210817031353829
3178.0,2016,26.28233333,-80.06113333,SEFCRI,100.0,0.0,1.6054139030059624
3184.0,2016,17.936475,-66.91361,PRICO,84.0,0.29142857,1.7549939572658213
3185.0,2016,26.55986667,-80.0273,SEFCRI,46.0,0.0,1.6987093519909453
3186.0,2016,26.55917,-80.0285,SEFCRI,308.0,0.0,1.7947734639307598
3189.0,2016,26.67643333,-80.01633333,SEFCRI,300.0,0.0,0.8758287358823285
3194.0,2016,26.48481667,-80.0405,SEFCRI,94.0,0.0,1.8893147042084575
3195.0,2016,17.8959,-66.1286,PRICO,67.0,0.8699996,2.3548605236427576
3195.0,2016,26.41563333,-80.0505,SEFCRI,400.0,0.0,2.7446026315753382
3196.0,2016,17.9054,-66.0906,PRICO,100.0,0.8799996,2.733864274346104
3199.0,2016,26.5862,-80.02448333,SEFCRI,86.0,0.0,1.2459402453914796
3202.0,2016,26.56241667,-80.02566667,SEFCRI,38.0,0.0,1.4012737247510367
3203.0,2016,26.50883333,-80.03383333,SEFCRI,100.0,0.0,2.0010871992912134
3206.0,2016,26.40071667,-80.05091667,SEFCRI,100.0,0.0,3.7328405597512804
3207.0,2016,26.56608333,-80.0255,SEFCRI,73.0,0.0,0.9932353950794702
3208.0,2016,17.8809,-66.1745,PRICO,0.0,0.70285666,0.6582064546770737
3210.0,2016,26.43696667,-80.04603333,SEFCRI,94.0,0.0,2.4809782244299803
3212.0,2016,26.74003333,-80.03408333,SEFCRI,75.0,0.0,1.8988225509138743
3213.0,2016,17.96109,-66.73229,PRICO,100.0,0.9914283,1.728586369229709
3214.0,2016,26.99538333,-80.06475,SEFCRI,52.0,0.0,2.4832498474229348
3217.0,2016,26.98758333,-80.01078333,SEFCRI,100.0,0.0,1.985167456338895
3222.0,2016,26.96173333,-80.00253333,SEFCRI,84.0,0.0,2.6713747952235933
3223.0,2016,17.97051,-66.75314,PRICO,24.0,1.1185709,2.3657013621239393
3224.0,2016,26.98758333,-80.00381667,SEFCRI,47.0,0.0,2.5224407905419035
3225.0,2016,26.94163333,-80.00311667,SEFCRI,100.0,0.0,2.8506899671664865
3226.0,2016,26.94015,-80.0101,SEFCRI,80.0,0.0,2.2403210497427333
3229.0,2016,17.916508,-67.152425,PRICO,61.0,0.6128576,2.5687457644992975
3229.0,2016,26.91263333,-80.0323,SEFCRI,57.0,0.0,1.554184767351453
3230.0,2016,26.91148333,-80.02475,SEFCRI,100.0,0.0,1.5035312997478887
3231.0,2016,26.90466667,-80.0296,SEFCRI,66.0,0.0,2.306809569526968
3240.0,2016,26.8628,-80.02373333,SEFCRI,19.0,0.0,1.3623979149587149
3250.0,2016,26.74183333,-80.00923333,SEFCRI,100.0,0.0,2.4399079746640973
3254.0,2016,26.91433333,-80.0115,SEFCRI,380.0,0.0,1.788715341121546
3257.0,2016,26.86488333,-80.01723333,SEFCRI,79.0,0.0,1.363510042873007
3259.0,2016,26.83283333,-80.0172,SEFCRI,400.0,0.0,1.1649248649269512
3261.0,2016,26.76881667,-80.01273333,SEFCRI,100.0,0.0,1.3986865972749294
3262.0,2016,26.77115,-80.01158333,SEFCRI,96.0,0.0,1.3992380693615774
3265.0,2016,27.125883,-80.134167,SEFCRI,100.0,0.0,0.9117559563109721
3266.0,2016,27.11625,-80.128917,SEFCRI,100.0,0.0,1.0470620671387334
3270.0,2016,27.107083,-80.1235,SEFCRI,42.0,0.0,1.997859501900764
3279.0,2016,27.14025,-80.0719167,SEFCRI,100.0,0.0,1.7230348021732569
3280.0,2016,26.99275,-80.01536667,SEFCRI,100.0,0.0,2.1918784926214294
3285.0,2016,26.99538333,-80.06475,SEFCRI,52.0,0.0,2.4832498474229348
3286.0,2016,27.090833,-80.042417,SEFCRI,90.0,0.0,2.463839972758777
3288.0,2016,27.06621667,-80.04386667,SEFCRI,88.0,0.0,2.108056171434741
3289.0,2016,27.05635,-80.03386667,SEFCRI,93.0,0.0,2.2523848215583624
3623.0,2016,26.8993,-80.01078333,SEFCRI,21.0,0.0,3.047841957531123
3624.0,2016,26.86821667,-80.01325,SEFCRI,90.0,0.0,1.3883735693015855
3635.0,2016,26.83075,-80.00008333,SEFCRI,100.0,0.0,2.5537498824213545
3800.0,2016,26.19573333,-80.07925,SEFCRI,100.0,0.0,2.3437041832142267
1004.0,2018,24.53334,-81.86984,FLK,98.0,3.0471427,1.0644085268757872
1008.0,2018,24.552333,-81.685733,FLK,99.0,3.9385693,2.744592416058885
1014.0,2018,24.95012,-80.55208,FLK,100.0,5.6171455,3.6052771163266693
1018.0,2018,25.3322,-80.2334,FLK,47.0,1.7285722,1.1626992834937862
1020.0,2018,24.521733,-81.652317,FLK,100.0,3.1385713,2.3236173011505965
1030.0,2018,24.5348,-81.632267,FLK,97.0,3.1500003,1.3139138617619497
1031.0,2018,24.47869,-81.96274,FLK,23.0,2.6214304,1.3071910334107626
1037.0,2018,24.55937,-81.47856,FLK,83.0,3.61857,1.7752470824028297
1043.0,2018,24.48484,-81.85841,FLK,68.0,2.5285728,2.0042403511756746
1047.0,2018,24.50585,-81.709333,FLK,70.0,3.0157142,2.6550528822957427
1050.0,2018,24.72065,-80.92662,FLK,100.0,3.882859,0.5111682792783113
1053.0,2018,24.68983,-81.03317,FLK,86.0,3.1142871,1.84371462996248
1059.0,2018,24.90323,-80.61779,FLK,35.0,5.572859,2.5281025678131392
1065.0,2018,25.04154,-80.42761,FLK,83.0,1.5099992,1.8576557408469734
1067.0,2018,25.23881,-80.23891,FLK,62.0,0.58285743,2.0765086371298134
1068.0,2018,25.061133,-80.397017,FLK,76.0,1.1457139,2.700624010039226
1080.0,2018,25.66133,-80.10251,FLK,40.0,0.0,2.719460401241633
1082.0,2018,25.34985,-80.1637215,FLK,89.0,0.14571436,2.98628171008062
1085.0,2018,25.3689129,-80.1814807,FLK,73.0,0.74571466,0.9389791721440418
1086.0,2018,25.4707,-80.136,FLK,95.0,0.29714307,1.2028813870361657
1089.0,2018,25.3544764,-80.13835655,FLK,76.0,0.0,2.647073997747503
1091.0,2018,25.3743363,-80.1824381,FLK,91.0,0.74571466,0.7506166050139486
1095.0,2018,25.4139322,-80.1583087,FLK,100.0,0.92142904,2.080013269648711
1097.0,2018,25.4093774,-80.1513806,FLK,95.0,0.92142904,2.940646268776061
1100.0,2018,25.3741619,-80.1516268,FLK,76.0,0.74571466,2.350400688730276
1101.0,2018,25.422951,-80.1572517,FLK,94.0,0.92142904,1.797246690559041
1106.0,2018,24.45258,-81.93717,FLK,100.0,2.504287,2.7811576625772756
1112.0,2018,24.63507,-81.09106,FLK,5.0,2.8299983,1.9716623382818106
1113.0,2018,24.86896,-80.60283,FLK,51.0,2.8700008,2.3359462134883575
1123.0,2018,25.040083,-80.38015,FLK,55.0,0.46571413,1.7551909356379027
1127.0,2018,25.2121,-80.220717,FLK,66.0,0.58285743,1.4985523613973637
1130.0,2018,25.5374,-80.1137,FLK,64.0,0.29571444,1.7854751172911187
1138.0,2018,25.12604,-80.29301,FLK,61.0,0.15000005,1.8166630337049938
1154.0,2018,24.68293,-80.97189,FLK,88.0,2.9414306,0.9359799932330135
1155.0,2018,24.901233,-80.568933,FLK,19.0,3.0371444,2.7131061569426307
1158.0,2018,25.2301,-80.22808,FLK,90.0,0.58285743,0.6453153973804836
1162.0,2018,24.98817,-80.41769,FLK,1.0,0.9042852,1.638871650409362
1168.0,2018,25.5887,-80.0973,FLK,74.0,0.0,2.7054165253026525
1172.0,2018,24.47273,-81.81496,FLK,69.0,2.3885727,1.047584814512707
1189.0,2018,24.5992,-81.2562,FLK,47.0,3.5199997,3.2942960421453766
1198.0,2018,24.9577,-80.43355,FLK,46.0,0.9042852,2.1084186896609154
1226.0,2018,25.72952,-80.10028,FLK,90.0,0.0,2.5273630177724025
1230.0,2018,25.5634722,-80.0985319,FLK,80.0,0.0,2.6858080385279135
1231.0,2018,24.538233,-81.453367,FLK,92.0,3.1985724,2.637459002103091
1236.0,2018,24.57032,-81.31096,FLK,88.0,3.5142856,1.5127628311290602
1244.0,2018,24.95724,-80.44915,FLK,78.0,0.9042852,3.134893766596556
1245.0,2018,25.174083,-80.2342,FLK,39.0,0.0,0.9308502542068335
1254.0,2018,25.058367,-80.39885,FLK,19.0,1.1457139,3.0314234484337033
1256.0,2018,24.4827,-81.712217,FLK,35.0,2.3957155,1.5514583996067144
1257.0,2018,24.45254,-81.87693,FLK,100.0,2.5285728,2.505682277118203
1274.0,2018,24.46324,-81.83986,FLK,83.0,2.3885727,1.9930381391088294
1275.0,2018,24.46214,-81.83986,FLK,95.0,2.3885727,2.0753884178766633
1286.0,2018,24.62732,-81.10985,FLK,59.0,3.2085736,1.553718771524594
1288.0,2018,25.02931,-80.35126,FLK,86.0,0.46571413,2.440172772230952
1303.0,2018,25.2939,-80.163067,FLK,76.0,0.0,2.4199441437197597
1306.0,2018,25.4002317,-80.1315614,FLK,86.0,0.0,2.832006039946028
1317.0,2018,24.54464,-81.40674,FLK,67.0,3.175716,2.86031908787211
1319.0,2018,24.47755,-81.718033,FLK,77.0,2.3957155,0.7602745045247005
1333.0,2018,24.77372,-80.721,FLK,64.0,2.3871427,0.4288291538036538
1345.0,2018,24.62293,-81.11282,FLK,91.0,3.2085736,1.2532807905648649
1348.0,2018,24.88607,-80.56187,FLK,65.0,1.5471437,1.808497444173581
1357.0,2018,25.006817,-80.3761,FLK,95.0,0.46571413,2.0250207367562187
1359.0,2018,25.5427,-80.0987,FLK,98.0,0.0,3.0863108805942603
1363.0,2018,25.568902,-80.1004823,FLK,48.0,0.29142871,2.551833295740922
1367.0,2018,24.52858,-81.48324,FLK,70.0,3.1985724,0.9231154867475059
1368.0,2018,24.43622,-81.9379,FLK,89.0,1.4599992,1.8056734472579372
1373.0,2018,24.43341,-81.95053,FLK,87.0,1.1528566,2.6484251733041004
1374.0,2018,24.44649,-81.90057,FLK,68.0,1.4599992,3.4389730847375346
1375.0,2018,24.494667,-81.638167,FLK,93.0,2.3871446,2.559837869242327
1379.0,2018,24.45191,-81.86812,FLK,69.0,2.5285728,2.66110176732269
1383.0,2018,24.72227,-80.81535,FLK,87.0,2.8814275,1.021494141155104
1384.0,2018,24.56749,-81.30466,FLK,70.0,3.5142856,2.2205684091909186
1386.0,2018,24.83634,-80.63065,FLK,98.0,1.6828576,1.3830873258786558
1387.0,2018,24.8972,-80.5379,FLK,88.0,0.92571354,2.7904138950087924
1390.0,2018,25.24416,-80.19222,FLK,92.0,0.0,2.745004218842778
1391.0,2018,25.03421,-80.34565,FLK,96.0,0.0,2.3184415051061507
1393.0,2018,25.11927,-80.2754,FLK,90.0,0.15000005,0.6384086306564394
1394.0,2018,24.97508,-80.41877,FLK,89.0,0.9042852,0.6283284408707379
1397.0,2018,25.4967,-80.104,FLK,6.0,0.29714307,3.2039502516686404
1398.0,2018,25.466925,-80.1101944,FLK,89.0,0.29714307,1.7374645419340389
1400.0,2018,25.6004,-80.0903,FLK,85.0,0.0,3.1359956256749233
1517.0,2018,25.3348985,-80.2373532,FLK,93.0,1.7285722,1.658393474098053
1519.0,2018,25.4645658,-80.169893,FLK,75.0,1.0900003,1.2691991442683592
1552.0,2018,24.67428,-81.06032,FLK,96.0,4.048572,1.4859365911320281
1605.0,2018,24.48535,-81.84261,FLK,40.0,2.3885727,2.120664172063859
1629.0,2018,25.12357,-80.30173,FLK,67.0,1.1057143,2.348549092833552
1630.0,2018,25.6077094,-80.0972045,FLK,8.0,0.0,2.941268898030795
1636.0,2018,25.10519,-80.30716,FLK,98.0,1.1057143,2.842549561511354
1669.0,2018,25.3876137,-80.1356279,FLK,87.0,0.0,1.762263663810411
1884.0,2018,24.59374,-81.20877,FLK,87.0,3.0671422,2.6524137708694493
2002.0,2018,24.64455,-83.07517,Tortugas,95.0,0.0,2.1739251145755922
2003.0,2018,24.60941,-83.09611,Tortugas,73.0,0.0,2.749002400821816
2004.0,2018,24.63611,-83.04633,Tortugas,80.0,0.0,2.484707888493597
2006.0,2018,24.63453,-83.10352,Tortugas,89.0,0.0,2.4166585884664697
2008.0,2018,24.61273,-83.09866,Tortugas,100.0,0.0,2.7531089455474547
2014.0,2018,24.63819,-83.06826,Tortugas,50.0,0.0,1.6173553309729631
2026.0,2018,24.63196,-83.03745,Tortugas,82.0,0.0,1.477236296868439
2033.0,2018,24.61077,-83.03641,Tortugas,78.0,0.0,1.9579819358612929
2036.0,2018,24.63184,-83.10139,Tortugas,78.0,0.0,2.505487956877669
2041.0,2018,24.6337,-83.0702,Tortugas,68.0,0.0,1.0824516126277686
2044.0,2018,24.62884,-83.02582,Tortugas,55.0,0.0,0.4349296102709451
2047.0,2018,24.63935,-83.02288,Tortugas,61.0,0.0,1.6099915810567125
2058.0,2018,24.71938,-82.98569,Tortugas,96.0,0.0,1.247336506196367
2062.0,2018,24.70194,-83.02931,Tortugas,54.0,0.0,2.6014942113013717
2066.0,2018,24.71351,-83.02954,Tortugas,94.0,0.0,1.3580185584528797
2068.0,2018,24.69101,-83.06484,Tortugas,100.0,0.0,2.0549217284866907
2072.0,2018,24.67825,-83.01815,Tortugas,100.0,0.0,0.7807728241070103
2073.0,2018,24.70249,-83.03658,Tortugas,82.0,0.0,2.7633734869490354
2074.0,2018,24.71924,-82.98492,Tortugas,93.0,0.0,1.1890194769731657
2075.0,2018,24.67758,-83.0847,Tortugas,94.0,0.0,1.020679642240006
2076.0,2018,24.71168,-83.02719,Tortugas,69.0,0.0,1.4981922419519917
2079.0,2018,24.64686,-83.07667,Tortugas,100.0,0.0,2.4365426327090045
2085.0,2018,24.66307,-83.06039,Tortugas,97.0,0.0,1.9853085886522823
2087.0,2018,24.66427,-83.01035,Tortugas,82.0,0.0,1.9016227348372714
2092.0,2018,24.67935,-83.06744,Tortugas,66.0,0.0,0.9043385039508227
2093.0,2018,24.64863,-83.07517,Tortugas,96.0,0.0,2.6275893118670246
2106.0,2018,24.70845,-82.98426,Tortugas,98.0,0.0,2.0646573547664673
2109.0,2018,24.7132,-83.04003,Tortugas,100.0,0.0,2.006890448711043
2112.0,2018,24.65976,-83.02388,Tortugas,95.0,0.0,1.6987344655528767
2119.0,2018,24.67235,-83.06731,Tortugas,78.0,0.0,0.8315687973678773
2122.0,2018,24.70992,-82.9819,Tortugas,76.0,0.0,1.8162822742808409
2127.0,2018,24.67831,-83.06504,Tortugas,97.0,0.0,1.0718730373815595
2129.0,2018,24.67079,-83.06887,Tortugas,96.0,0.0,0.7769744573175452
2131.0,2018,24.66044,-83.07842,Tortugas,99.0,0.0,1.655705881253822
2139.0,2018,24.67971,-83.01236,Tortugas,98.0,0.0,1.3803716299393185
2140.0,2018,24.69919,-83.00007,Tortugas,99.0,0.0,3.6848321795973367
2141.0,2018,24.69705,-83.0024,Tortugas,94.0,0.0,3.350261137493791
2142.0,2018,24.65213,-83.01417,Tortugas,96.0,0.0,2.76888570907999
2149.0,2018,24.72209,-82.82615,Tortugas,92.0,0.0,0.34427629675690297
2153.0,2018,24.73097,-82.79692,Tortugas,85.0,0.0,2.3109341483067416
2155.0,2018,24.57364,-82.92619,Tortugas,99.0,0.0,0.19346822860162335
2159.0,2018,24.72226,-82.82856,Tortugas,98.0,0.0,0.4713781790498979
2165.0,2018,24.62478,-82.83515,Tortugas,99.0,0.0,1.0258146052578856
2168.0,2018,24.70755,-82.79465,Tortugas,66.0,0.0,2.7760527432534503
2171.0,2018,24.7109,-82.84072,Tortugas,93.0,0.0,2.2315936675053383
2172.0,2018,24.57586,-82.90272,Tortugas,94.0,0.0,2.255319736619806
2173.0,2018,24.57588,-82.9232,Tortugas,71.0,0.0,0.20668652393004922
2175.0,2018,24.560667,-82.915026,Tortugas,100.0,0.0,1.8867143035528275
2177.0,2018,24.5668,-82.92746,Tortugas,92.0,0.0,0.9455357062693527
2179.0,2018,24.57989,-82.90841,Tortugas,80.0,0.0,1.763647537329333
2189.0,2018,24.58264,-82.89167,Tortugas,86.0,0.0,1.8867151690943489
2191.0,2018,24.73051,-82.79893,Tortugas,98.0,0.0,2.4930379013405295
2192.0,2018,24.72239,-82.7893,Tortugas,91.0,0.0,1.473184490144256
2193.0,2018,24.72085,-82.81997,Tortugas,82.0,0.0,0.6871320729052185
2194.0,2018,24.7317,-82.78209,Tortugas,97.0,0.0,1.0327497684197027
2196.0,2018,24.68704,-82.77881,Tortugas,36.0,0.0,1.3926629729798383
2200.0,2018,24.70144,-82.77231,Tortugas,95.0,0.0,2.6344969934447606
2201.0,2018,24.71911,-82.83219,Tortugas,89.0,0.0,0.9780345657585521
2205.0,2018,24.72535,-82.80071,Tortugas,87.0,0.0,2.4540763242713024
2206.0,2018,24.59505,-82.91354,Tortugas,100.0,0.0,2.5123064970618847
2212.0,2018,24.70959,-82.78907,Tortugas,96.0,0.0,2.226601990177815
2218.0,2018,24.69422,-82.84181,Tortugas,0.0,0.0,2.7292779132395335
2226.0,2018,24.58221,-82.97905,Tortugas,60.0,0.0,0.8995250836717102
2227.0,2018,24.71707,-82.79037,Tortugas,99.0,0.0,1.785584350458242
2231.0,2018,24.59838,-82.95029,Tortugas,98.0,0.0,3.605774425526507
2236.0,2018,24.66266,-82.81282,Tortugas,89.0,0.0,1.8437997727950415
2238.0,2018,24.63762,-82.8067,Tortugas,71.0,0.0,2.3221411027842813
2239.0,2018,24.68874,-82.80864,Tortugas,59.0,0.0,2.250993567262115
2244.0,2018,24.675,-82.80116,Tortugas,90.0,0.0,2.4092981916669167
2245.0,2018,24.691612,-82.839945,Tortugas,89.0,0.0,2.3852447388279816
2246.0,2018,24.63071,-82.81331,Tortugas,91.0,0.0,1.341811109279154
2250.0,2018,24.58439,-82.96993,Tortugas,88.0,0.0,1.1630094401971591
2251.0,2018,24.58765,-82.96849,Tortugas,92.0,0.0,1.5528281787183347
2254.0,2018,24.568373,-82.947721,Tortugas,95.0,0.0,2.412802439324331
2255.0,2018,24.66476,-82.81311,Tortugas,0.0,0.0,1.6558456380053195
2256.0,2018,24.58288,-82.93204,Tortugas,97.0,0.0,1.1283607298242808
2259.0,2018,24.58351,-82.96638,Tortugas,97.0,0.0,1.2865874290271377
2260.0,2018,24.6201,-82.86237,Tortugas,100.0,0.0,1.3888065437151071
2262.0,2018,24.64747,-82.83515,Tortugas,71.0,0.0,2.7007884637852224
2264.0,2018,24.61679,-82.86564,Tortugas,30.0,0.0,1.3153271622840652
2267.0,2018,24.71567,-82.84341,Tortugas,83.0,0.0,2.1292573703147224
2271.0,2018,24.68799,-82.77191,Tortugas,100.0,0.0,1.4774782153102204
2275.0,2018,24.6617,-82.93086,Tortugas,100.0,0.0,1.593231685882436
2278.0,2018,24.70406,-82.86106,Tortugas,94.0,0.0,2.7220499514066825
2279.0,2018,24.71964,-82.87695,Tortugas,91.0,0.0,0.6281083789029248
2281.0,2018,24.66235,-82.93566,Tortugas,78.0,0.0,1.771759537455162
2282.0,2018,24.64811,-82.85707,Tortugas,78.0,0.0,3.1449057197738286
2284.0,2018,24.70534,-82.86513,Tortugas,92.0,0.0,2.403629545025379
2287.0,2018,24.6762,-82.91499,Tortugas,100.0,0.0,1.0204483675086637
2288.0,2018,24.67393,-82.88635,Tortugas,97.0,0.0,1.1522524900804518
2290.0,2018,24.70131,-82.9042,Tortugas,70.0,0.0,3.3701971779355655
2291.0,2018,24.71199,-82.85766,Tortugas,78.0,0.0,2.2726713134871765
2292.0,2018,24.63454,-82.93813,Tortugas,86.0,0.0,1.6987726154557217
2295.0,2018,24.71583,-82.88182,Tortugas,87.0,0.0,1.2306681764816745
2297.0,2018,24.70942,-82.87023,Tortugas,93.0,0.0,1.799027691828296
2298.0,2018,24.71159,-82.86465,Tortugas,85.0,0.0,1.8220833173954156
2301.0,2018,24.65616303,-82.95004603,Tortugas,82.0,0.0,3.278744009288122
2307.0,2018,24.64905,-82.92287,Tortugas,82.0,0.0,2.682914292241855
2308.0,2018,24.67929,-82.89694,Tortugas,80.0,0.0,2.266736849412873
2310.0,2018,24.65586,-82.92618,Tortugas,60.0,0.0,2.131930086361633
2312.0,2018,24.72466,-82.82048,Tortugas,56.0,0.0,0.45860608697553595
2315.0,2018,24.64001,-82.9602,Tortugas,83.0,0.0,2.2417236921108747
2316.0,2018,24.63982,-82.96483,Tortugas,85.0,0.0,1.9425611624327268
2319.0,2018,24.68343,-82.92562,Tortugas,94.0,0.0,0.9391050101234483
2320.0,2018,24.60634,-82.96397,Tortugas,100.0,0.0,2.3558109914936978
2324.0,2018,24.60725,-82.95513,Tortugas,79.0,0.0,2.8164998009096136
2327.0,2018,24.696748,-82.86275,Tortugas,94.0,0.0,2.716628535674694
2328.0,2018,24.668606,-82.875175,Tortugas,100.0,0.0,0.7115207149384375
2331.0,2018,24.67445,-82.87765,Tortugas,0.0,0.0,0.2739811772611064
2332.0,2018,24.60759,-82.93583,Tortugas,95.0,0.0,2.2238767352131985
2337.0,2018,24.59526,-82.88601,Tortugas,75.0,0.0,2.5120727395206788
2341.0,2018,24.59551,-82.88401,Tortugas,89.0,0.0,2.455084625021796
2342.0,2018,24.64871,-82.92396,Tortugas,94.0,0.0,2.6385386836979046
2349.0,2018,24.63609,-82.95874,Tortugas,99.0,0.0,2.055203970490906
2350.0,2018,24.60692,-82.93263,Tortugas,45.0,0.0,2.1531775639944337
2356.0,2018,24.61198,-82.93323,Tortugas,96.0,0.0,1.6696199733810377
2360.0,2018,24.65789,-82.92172,Tortugas,77.0,0.0,1.9315864845559643
2528.0,2018,24.57108,-83.04001,Tortugas,84.0,0.0,1.5792128479160754
2561.0,2018,24.72012,-82.98758,Tortugas,92.0,0.0,1.3813381552602193
2565.0,2018,24.68981,-83.06761,Tortugas,100.0,0.0,1.8080392350527539
2574.0,2018,24.70117,-83.03439,Tortugas,100.0,0.0,2.8150044968433567
2606.0,2018,24.6954,-82.98131,Tortugas,88.0,0.0,2.35576742904751
2639.0,2018,24.66274,-82.99051,Tortugas,92.0,0.0,2.076937018762121
2662.0,2018,24.706853,-82.77395,Tortugas,83.0,0.0,2.021325495162106
2663.0,2018,24.69132,-82.78541,Tortugas,98.0,0.0,2.097097345042946
2666.0,2018,24.64725,-82.7927,Tortugas,83.0,0.0,3.05304159512955
2685.0,2018,24.72252,-82.81532,Tortugas,89.0,0.0,1.016476631840337
2688.0,2018,24.73305,-82.78907,Tortugas,92.0,0.0,1.6789710012940133
2703.0,2018,24.71418,-82.77647,Tortugas,87.0,0.0,1.2129110560438532
2706.0,2018,24.56737,-82.94956,Tortugas,98.0,0.0,2.6244327368294833
2755.0,2018,24.72138,-82.79869,Tortugas,69.0,0.0,2.426335882744931
2769.0,2018,24.70512,-82.78852,Tortugas,63.0,0.0,2.5988692956598376
2777.0,2018,24.66252,-82.92735,Tortugas,84.0,0.0,1.4081652348952418
2791.0,2018,24.69874,-82.90954,Tortugas,97.0,0.0,3.0671247204061385
2802.0,2018,24.71069,-82.9112,Tortugas,96.0,0.0,2.116101079691235
2815.0,2018,24.6062,-82.94888,Tortugas,99.0,0.0,3.1931287012465965
2822.0,2018,24.69711,-82.86449,Tortugas,100.0,0.0,2.678026222650197
2854.0,2018,24.66364,-82.87767,Tortugas,100.0,0.0,1.2918359771383028
3001.0,2018,26.89381,-80.00212,SEFCRI,93.0,0.0,3.0861814436541684
3002.0,2018,26.94493,-80.01036,SEFCRI,98.0,0.0,2.648844538114445
3006.0,2018,26.93368,-80.01308,SEFCRI,85.0,0.0,1.5256872907141104
3008.0,2018,26.85591,-80.00946,SEFCRI,36.0,0.0,2.6234515620909176
3009.0,2018,26.84385,-79.99744,SEFCRI,44.0,0.0,3.0571004686676946
3016.0,2018,26.72454,-80.01262,SEFCRI,54.0,0.0,1.2307846965540208
3018.0,2018,26.90501,-80.01283,SEFCRI,65.0,0.0,2.5295605930265164
3024.0,2018,26.82249,-80.01122,SEFCRI,36.0,0.0,1.3958356642567007
3025.0,2018,26.9116,-80.00083,SEFCRI,54.0,0.0,2.8221546378813493
3033.0,2018,26.92659,-80.03072,SEFCRI,2.0,0.0,0.5937608667721347
3039.0,2018,26.93588,-80.01426,SEFCRI,88.0,0.0,1.6114475906524255
3042.0,2018,26.88547,-80.01877,SEFCRI,45.0,0.0,1.3180930414700065
3043.0,2018,26.90096,-80.01666,SEFCRI,82.0,0.0,2.7984774749446184
3046.0,2018,26.77813,-80.01407,SEFCRI,31.0,0.0,1.1395829211000585
3047.0,2018,26.8398,-80.01633,SEFCRI,86.0,0.0,1.8565861450166334
3048.0,2018,26.7496,-80.01584,SEFCRI,92.0,0.0,2.882082121073495
3049.0,2018,26.83346,-80.01705,SEFCRI,61.0,0.0,1.2273902953344873
3050.0,2018,26.81686,-80.00383,SEFCRI,36.0,0.0,2.287791149777379
3053.0,2018,25.842734,-80.104184,SEFCRI,90.0,0.0,2.868775999894484
3059.0,2018,25.9539333,-80.10025,SEFCRI,97.0,0.0,3.40829112097362
3062.0,2018,25.97675,-80.0999667,SEFCRI,97.0,0.0,2.5027833048077537
3063.0,2018,25.852599,-80.099801,SEFCRI,94.0,0.0,3.5156932619030217
3066.0,2018,26.0106667,-80.1010833,SEFCRI,96.0,0.0,2.873324537601222
3067.0,2018,25.9570667,-80.0999333,SEFCRI,95.0,0.0,3.192149825204699
3077.0,2018,25.87379,-80.100493,SEFCRI,98.0,0.0,2.4563262390985976
3079.0,2018,26.0906167,-80.09555,SEFCRI,95.0,0.0,2.687731193843625
3085.0,2018,25.9054,-80.09075,SEFCRI,94.0,0.0,2.6890889686118533
3096.0,2018,26.2103,-80.0783333,SEFCRI,94.0,0.0,1.6686179649619381
3097.0,2018,25.82206,-80.091247,SEFCRI,80.0,0.0,1.6583640783655176
3103.0,2018,26.31625,-80.06525,SEFCRI,93.0,0.0,1.3757996367915686
3109.0,2018,25.876977,-80.092436,SEFCRI,85.0,0.0,1.7577554280095617
3110.0,2018,25.871592,-80.092463,SEFCRI,91.0,0.0,1.7873306475477657
3117.0,2018,25.7993833,-80.09264,SEFCRI,91.0,0.0,3.2354101768162846
3122.0,2018,26.2636667,-80.0705,SEFCRI,92.0,0.0,1.3380160409949018
3136.0,2018,25.888696,-80.107344,SEFCRI,69.0,0.0,2.3327965805623614
3155.0,2018,26.1650167,-80.0934667,SEFCRI,95.0,0.0,2.1512050941256957
3161.0,2018,26.3145,-80.0741667,SEFCRI,95.0,0.0,1.171037159023071
3162.0,2018,26.70444,-80.02967,SEFCRI,85.0,0.0,2.333384398701281
3166.0,2018,26.7579,-80.03529,SEFCRI,92.0,0.0,2.158573639809821
3179.0,2018,26.0435667,-80.1061333,SEFCRI,86.0,0.0,2.7960151781209417
3180.0,2018,26.1717833,-80.0886667,SEFCRI,100.0,0.0,1.409612852687147
3202.0,2018,26.0105667,-80.0885667,SEFCRI,83.0,0.0,2.1006850803701482
3210.0,2018,26.0042333,-80.0895833,SEFCRI,21.0,0.0,2.730445980281204
3213.0,2018,26.3774833,-80.0539167,SEFCRI,100.0,0.0,2.1188253460843227
3219.0,2018,26.69196,-80.01848,SEFCRI,92.0,0.0,1.9937467283701755
3222.0,2018,26.68975,-80.01574,SEFCRI,61.0,0.0,1.880320479142936
3230.0,2018,26.12655,-80.0805,SEFCRI,98.0,0.0,0.5750658191875283
3231.0,2018,25.9273,-80.0877333,SEFCRI,89.0,0.0,1.2982949416475436
3240.0,2018,26.00312,-80.08755,SEFCRI,93.0,0.0,2.7370971441825676
3241.0,2018,26.2376667,-80.0658333,SEFCRI,92.0,0.0,1.6788989552733444
3242.0,2018,25.9605833,-80.0887667,SEFCRI,97.0,0.0,2.1129992248328535
3243.0,2018,25.809138,-80.08841,SEFCRI,88.0,0.0,2.2165775746523515
3245.0,2018,26.2818667,-80.0620667,SEFCRI,100.0,0.0,1.4989014687957207
3246.0,2018,26.33585,-80.0586833,SEFCRI,91.0,0.0,2.0248484506300963
3247.0,2018,26.29145,-80.0618333,SEFCRI,100.0,0.0,2.2515763790606345
3248.0,2018,26.58626,-80.02315,SEFCRI,76.0,0.0,1.265016671636605
3250.0,2018,26.5291667,-80.0297833,SEFCRI,88.0,0.0,0.6639471491679211
3252.0,2018,26.5254167,-80.0316333,SEFCRI,100.0,0.0,0.6614104314391023
3253.0,2018,26.49137,-80.03738,SEFCRI,100.0,0.0,2.1974248950186377
3254.0,2018,26.5244,-80.0326833,SEFCRI,83.0,0.0,0.7671868531340665
3258.0,2018,26.3045333,-80.0593667,SEFCRI,94.0,0.0,2.7587986742744546
3262.0,2018,26.82563,-80.01651,SEFCRI,37.0,0.0,0.8454693661658276
3263.0,2018,25.9626167,-80.0889167,SEFCRI,91.0,0.0,1.9575791535886833
3266.0,2018,26.1414333,-80.0773667,SEFCRI,94.0,0.0,1.842451609498093
3268.0,2018,26.2696,-80.0617667,SEFCRI,97.0,0.0,1.4501590219272147
3269.0,2018,26.64289,-80.01884,SEFCRI,68.0,0.0,2.0814165681506402
3272.0,2018,25.771581,-80.08817,SEFCRI,92.0,0.0,1.372069368375513
3278.0,2018,25.7704333,-80.0876333,SEFCRI,77.0,0.0,1.3627719958098514
3285.0,2018,26.72299,-80.01913,SEFCRI,80.0,0.0,0.6247518094418717
3545.0,2018,26.74408,-80.013,SEFCRI,98.0,0.0,2.432860629950407
3901.0,2018,25.97665,-80.0998,SEFCRI,87.0,0.0,2.48532858379659
3903.0,2018,26.2100667,-80.0788333,SEFCRI,83.0,0.0,1.7045274581163463
3904.0,2018,26.0107667,-80.1013167,SEFCRI,98.0,0.0,2.847752581364658
3905.0,2018,26.1725833,-80.0886667,SEFCRI,99.0,0.0,1.389680817742997
3997.0,2018,26.52479,-80.03232,SEFCRI,85.0,0.0,0.7284991264530771
3998.0,2018,26.52624,-80.03143,SEFCRI,100.0,0.0,0.6542267801927133
3999.0,2018,26.52958,-80.02894,SEFCRI,86.0,0.0,0.6424321138970854
9999.0,2018,24.6802,-82.8858,Tortugas,88.0,0.0,1.2341134744879378
3005.0,2020,26.86143,-80.00924,SEFCRI,100.0,0.0,2.17280043937032
3011.0,2020,26.91531,-80.00703,SEFCRI,91.0,0.0,2.082426161719097
3016.0,2020,26.88369,-80.02863,SEFCRI,62.0,0.0,1.0311238498815338
3038.0,2020,26.87751,-80.02496,SEFCRI,100.0,0.0,0.27912965445314064
3067.0,2020,26.87656,-80.00983,SEFCRI,100.0,0.0,1.5147470632984943
3073.0,2020,26.78235,-80.01356,SEFCRI,100.0,0.0,1.3991809478872708
3084.0,2020,26.07834,-80.09742,SEFCRI,26.0,0.0,2.2692760840798023
3085.0,2020,26.14122,-80.08893,SEFCRI,77.0,0.0,2.277149319880982
3090.0,2020,25.98841,-80.10001,SEFCRI,85.0,0.0,2.909442538382554
3093.0,2020,26.00162,-80.10095,SEFCRI,84.0,0.0,3.541061029473605
3095.0,2020,26.17329,-80.08719,SEFCRI,88.0,0.0,1.230845096520244
3099.0,2020,26.05179,-80.09861,SEFCRI,99.0,0.0,3.4961327989511433
3101.0,2020,25.93218,-80.10018,SEFCRI,100.0,0.0,2.607916405852451
3103.0,2020,26.16443,-80.08821,SEFCRI,84.0,0.0,1.766052472011456
3104.0,2020,26.13356,-80.09121,SEFCRI,99.0,0.0,1.877037824845014
3105.0,2020,26.02155,-80.09907,SEFCRI,97.0,0.0,2.4350885332106484
3110.0,2020,25.98065,-80.10263,SEFCRI,89.0,0.0,2.3232400852099633
3112.0,2020,25.82567,-80.09768,SEFCRI,92.0,0.0,2.2707767714476246
3114.0,2020,26.05727,-80.09356,SEFCRI,94.0,0.0,2.7062681603516725
3116.0,2020,26.00836,-80.09753,SEFCRI,76.0,0.0,2.913886216163858
3118.0,2020,26.00913,-80.09522,SEFCRI,82.0,0.0,2.682403698018293
3121.0,2020,25.90806,-80.09175,SEFCRI,95.0,0.0,2.5207467601611686
3123.0,2020,26.32118,-80.06665,SEFCRI,92.0,0.0,0.9349743007129222
3124.0,2020,26.29147,-80.06867,SEFCRI,100.0,0.0,1.937057266179255
3125.0,2020,25.85675,-80.09213,SEFCRI,91.0,0.0,2.6559605552950343
3126.0,2020,26.2193,-80.07658,SEFCRI,76.0,0.0,0.6536617309418403
3128.0,2020,26.03687,-80.09375,SEFCRI,97.0,0.0,2.291196876163572
3130.0,2020,26.25674,-80.07183,SEFCRI,100.0,0.0,2.055114535006707
3131.0,2020,26.26898,-80.06989,SEFCRI,79.0,0.0,0.841654697932541
3132.0,2020,26.27364,-80.07076,SEFCRI,99.0,0.0,0.449477345359428
3133.0,2020,25.85365,-80.1076,SEFCRI,92.0,0.0,2.944420350441193
3135.0,2020,26.07607,-80.10823,SEFCRI,92.0,0.0,1.679881675891722
3137.0,2020,25.95019,-80.10929,SEFCRI,98.0,0.0,3.1754585248520097
3138.0,2020,25.95143,-80.11022,SEFCRI,54.0,0.0,3.009656171104663
3143.0,2020,26.14837,-80.09889,SEFCRI,39.0,0.0,3.5267564614596267
3148.0,2020,25.88483,-80.10883,SEFCRI,93.0,0.0,1.9529907129552115
3150.0,2020,26.13532,-80.09395,SEFCRI,93.0,0.0,2.212227546738456
3152.0,2020,25.79497,-80.1125,SEFCRI,98.0,0.15142845,2.549200137729255
3153.0,2020,25.8648,-80.11048,SEFCRI,100.0,0.0,1.8436617530899266
3155.0,2020,26.13231,-80.097,SEFCRI,86.0,0.0,2.341454490607208
3157.0,2020,26.24319,-80.07852,SEFCRI,100.0,0.0,2.0521339429777616
3159.0,2020,25.90523,-80.10944,SEFCRI,100.0,0.0,2.694119821738848
3164.0,2020,26.05764,-80.10406,SEFCRI,68.0,0.0,2.847125690234967
3166.0,2020,25.78772,-80.10754,SEFCRI,98.0,0.15142845,2.249212808063503
3169.0,2020,25.99273,-80.11152,SEFCRI,97.0,0.0,2.387804090632417
3172.0,2020,26.11545,-80.10254,SEFCRI,84.0,0.0,2.4818021680283957
3174.0,2020,25.79528,-80.09958,SEFCRI,57.0,0.0,3.337490208415419
3177.0,2020,26.08596,-80.104,SEFCRI,100.0,0.0,2.426100286265444
3178.0,2020,25.8929,-80.11713,SEFCRI,0.0,0.0,2.140727542364686
3180.0,2020,26.15339,-80.09636,SEFCRI,68.0,0.0,3.212179327948016
3184.0,2020,26.21691,-80.08631,SEFCRI,28.0,0.0,1.443001029196833
3189.0,2020,26.31187,-80.07415,SEFCRI,71.0,0.0,1.4629799429576356
3190.0,2020,26.31358,-80.07333,SEFCRI,99.0,0.0,1.2812721430126837
3191.0,2020,26.71091,-80.02969,SEFCRI,99.0,0.0,1.6351271295133072
3192.0,2020,26.68208,-80.03071,SEFCRI,48.0,0.0,0.9700176824355304
3193.0,2020,26.73171,-80.03352,SEFCRI,100.0,0.0,1.1275622575128594
3203.0,2020,26.18526,-80.08789,SEFCRI,98.0,0.0,1.7187444814906878
3204.0,2020,26.15201,-80.09575,SEFCRI,93.0,0.0,3.2899018666939464
3206.0,2020,26.71745,-80.03094,SEFCRI,0.0,0.0,1.0265527552802733
3207.0,2020,26.71994,-80.03,SEFCRI,100.0,0.0,0.7508594964619116
3208.0,2020,26.72291,-80.02946,SEFCRI,73.0,0.0,0.5003999909815965
3213.0,2020,25.77608,-80.0894,SEFCRI,94.0,0.0,1.4464155017608695
3231.0,2020,26.03181,-80.08541,SEFCRI,71.0,0.0,1.286112994170892
3235.0,2020,26.35883,-80.05502,SEFCRI,89.0,0.0,2.68272040587082
3237.0,2020,26.348993,-80.054827,SEFCRI,88.0,0.0,3.3403752332284644
3253.0,2020,26.73379,-80.01558,SEFCRI,100.0,0.0,1.3525839239261324
3258.0,2020,26.21614,-80.06993,SEFCRI,97.0,0.0,1.108230024825752
3259.0,2020,26.14554,-80.07872,SEFCRI,90.0,0.0,2.3138631868130446
3268.0,2020,26.02858,-80.08759,SEFCRI,100.0,0.0,1.3189692251534826
3270.0,2020,25.88355,-80.08812,SEFCRI,95.0,0.0,1.6203435162484165
3280.0,2020,26.23015,-80.07005,SEFCRI,93.0,0.0,0.755905522172755
3288.0,2020,26.36341,-80.05502,SEFCRI,97.0,0.0,2.371670980747369
3297.0,2020,26.64608,-80.01903,SEFCRI,92.0,0.0,2.4179683065164435
3299.0,2020,26.52201,-80.03192,SEFCRI,95.0,0.0,0.7644940723718671
3303.0,2020,26.73196,-80.01552,SEFCRI,100.0,0.0,1.2184374544278629
3304.0,2020,26.73281,-80.01571,SEFCRI,84.0,0.0,1.2666894527814738
3305.0,2020,26.0979,-80.08206,SEFCRI,85.0,0.0,2.641562041169325
3306.0,2020,26.02572,-80.08653,SEFCRI,84.0,0.0,1.1543851348122482
3307.0,2020,26.31061,-80.05805,SEFCRI,85.0,0.0,2.3275601777638184
3308.0,2020,26.2962,-80.05993,SEFCRI,87.0,0.0,2.7955143798883144
3309.0,2020,26.61788,-80.02082,SEFCRI,0.0,0.0,0.8941949360352556
3311.0,2020,26.72369,-80.01758,SEFCRI,61.0,0.0,0.7514720944516348
3312.0,2020,26.82146,-80.00452,SEFCRI,48.0,0.0,2.0702603277915372
3315.0,2020,26.19731,-80.07003,SEFCRI,94.0,0.0,2.5295986593072164
3316.0,2020,26.07656,-80.08384,SEFCRI,72.0,0.0,0.8992428354588408
3317.0,2020,26.32301,-80.05749,SEFCRI,91.0,0.0,1.759607800751473
3318.0,2020,26.29707,-80.06017,SEFCRI,98.0,0.0,2.8651277258070857
3321.0,2020,26.82497,-80.01673,SEFCRI,0.0,0.0,0.8207854100270823
3324.0,2020,26.17361,-80.08176,SEFCRI,65.0,0.0,0.6917082164415592
3325.0,2020,25.77732,-80.09512,SEFCRI,76.0,0.0,2.030609059825712
3327.0,2020,26.57178,-80.02628,SEFCRI,13.0,0.0,0.38043142559353393
3329.0,2020,26.72553,-80.01795,SEFCRI,59.0,0.0,0.7027502956934365
3330.0,2020,26.72276,-80.01919,SEFCRI,100.0,0.0,0.6289052884806337
